source_url,question,answer
https://vnu.edu.vn/gioi-thieu-chung-ve-dai-hoc-quoc-gia-ha-noi-post1.html,What is the full English name of VNU?,Vietnam National University of Hanoi
https://vnu.edu.vn/gioi-thieu-chung-ve-dai-hoc-quoc-gia-ha-noi-post1.html,In what year was Vietnam National University Hanoi established?,1993
https://vnu.edu.vn/gioi-thieu-chung-ve-dai-hoc-quoc-gia-ha-noi-post1.html,Which city is Vietnam National University Hanoi located in?,Hanoi
https://vnu.edu.vn/gioi-thieu-chung-ve-dai-hoc-quoc-gia-ha-noi-post1.html,What role does VNU play in the Vietnamese higher education system?,A leading role in Vietnamese higher education
https://vnu.edu.vn/gioi-thieu-chung-ve-dai-hoc-quoc-gia-ha-noi-post1.html,How many member units did VNU have in 2023?,29
https://vnu.edu.vn/gioi-thieu-chung-ve-dai-hoc-quoc-gia-ha-noi-post1.html,How many training programs did VNU offer in 2023?,438
https://vnu.edu.vn/gioi-thieu-chung-ve-dai-hoc-quoc-gia-ha-noi-post1.html,How many laboratories did VNU have in 2023?,208
https://vnu.edu.vn/gioi-thieu-chung-ve-dai-hoc-quoc-gia-ha-noi-post1.html,What was the official website of VNU?,https://vnu.edu.vn
https://vnu.edu.vn/gioi-thieu-chung-ve-dai-hoc-quoc-gia-ha-noi-post1.html,Which highest state honor had VNU received?,Gold Star Order
https://vnu.edu.vn/gioi-thieu-chung-ve-dai-hoc-quoc-gia-ha-noi-post1.html,What year appeared on the VNU logo?,1906
https://vnu.edu.vn/gioi-thieu-chung-ve-dai-hoc-quoc-gia-ha-noi-post1.html,What did the VNU logo symbolize?,An open book with green lines
https://vnu.edu.vn/gioi-thieu-chung-ve-dai-hoc-quoc-gia-ha-noi-post1.html,What was the name of the new VNU urban campus project?,Hoa Lac campus
https://vnu.edu.vn/gioi-thieu-chung-ve-dai-hoc-quoc-gia-ha-noi-post1.html,Where was the Hoa Lac campus located?,Thach That; Hanoi
https://vnu.edu.vn/gioi-thieu-chung-ve-dai-hoc-quoc-gia-ha-noi-post1.html,How large was the Hoa Lac campus project?,1200 hectares
https://vnu.edu.vn/gioi-thieu-chung-ve-dai-hoc-quoc-gia-ha-noi-post1.html,How many students studied at Hoa Lac campus in 2023?,About 6000 students
https://vnu.edu.vn/gioi-thieu-chung-ve-dai-hoc-quoc-gia-ha-noi-post1.html,What was the main purpose of VNU?,Training high-quality human resources & scientific research and technology transfer
https://vnu.edu.vn/gioi-thieu-chung-ve-dai-hoc-quoc-gia-ha-noi-post1.html,What QS World University Ranking range did VNU achieve in 2026?,761-770
https://uet.vnu.edu.vn/gioi-thieu/,How many Sustainable Development Goals does the UET strategy refer to?,17 SDGs
https://uet.vnu.edu.vn/gioi-thieu/,What is the official email address of UET?,uet@vnu.edu.vn
https://uet.vnu.edu.vn/gioi-thieu/,What is the phone number of UET?,024.37547.461
https://uet.vnu.edu.vn/gioi-thieu/,What is the main address of VNU?,144 Xuan Thuy; Cau Giay; Hanoi
https://ulis.vnu.edu.vn/gioi-thieu/,What is the full English name of ULIS?,VNU University of Languages and International Studies
https://ulis.vnu.edu.vn/gioi-thieu/,What does ULIS stand for?,University of Languages and International Studies
https://ulis.vnu.edu.vn/gioi-thieu/,What is the mission of ULIS?,Training high-quality human resources; conducting scientific research; innovation; and knowledge transfer in foreign language education; linguistics; international studies; and related social sciences and humanities
https://ulis.vnu.edu.vn/gioi-thieu/,What fields does ULIS specialize in?,Foreign language education; linguistics; international studies; and related social sciences and humanities
https://ulis.vnu.edu.vn/gioi-thieu/,What is one important goal of ULIS?,Contributing to national development and international integration
https://ulis.vnu.edu.vn/gioi-thieu/,What was the predecessor of ULIS?,Foreign Language School
https://ulis.vnu.edu.vn/gioi-thieu/,In what year was the predecessor of ULIS established?,1955
https://ulis.vnu.edu.vn/gioi-thieu/,What were the first two language majors taught at ULIS?,Russian; Chinese
https://ulis.vnu.edu.vn/gioi-thieu/,In what year was the Foreign Language School merged into Hanoi University of Education?,1958
https://ulis.vnu.edu.vn/gioi-thieu/,What did the Foreign Language School become after the merger in 1958?,Faculty of Foreign Languages of Hanoi University of Education
https://ulis.vnu.edu.vn/gioi-thieu/,How many language faculties were established in 1964?,Four faculties
https://ulis.vnu.edu.vn/gioi-thieu/,What language faculties were established in 1964?,Russian; Chinese; English; French
https://ulis.vnu.edu.vn/gioi-thieu/,Who signed the decision establishing Hanoi University of Foreign Language Teachers?,Prime Minister Pham Van Dong
https://ulis.vnu.edu.vn/gioi-thieu/,In what year was Hanoi University of Foreign Language Teachers established?,1967
https://ulis.vnu.edu.vn/gioi-thieu/,What major national need did ULIS help address in the past?,Training foreign language teachers and officials
https://ulis.vnu.edu.vn/gioi-thieu/,In what year did ULIS become a member university of VNU?,1993
https://ulis.vnu.edu.vn/gioi-thieu/,What was the former name of ULIS before joining VNU?,Hanoi University of Foreign Language Teachers
https://ulis.vnu.edu.vn/gioi-thieu/,What did the university change its name to in 1993?,University of Languages and International Studies - VNU
https://ulis.vnu.edu.vn/gioi-thieu/,How long has ULIS developed?,More than 70 years
https://ulis.vnu.edu.vn/gioi-thieu/,What position does ULIS hold in Vietnam?,A leading university in foreign language education
https://ulis.vnu.edu.vn/gioi-thieu/,What type of training formats has ULIS provided?,Full-time; part-time; long-term; short-term training
https://ulis.vnu.edu.vn/gioi-thieu/,What sectors has ULIS provided foreign language personnel for?,Education; diplomacy; economics; politics; society; national defense
https://ulis.vnu.edu.vn/gioi-thieu/,Which armed forces sectors has ULIS provided foreign language personnel for?,Military sector; police sector
https://ulis.vnu.edu.vn/gioi-thieu/,What languages has ULIS trained students in?,English; Russian; French; Chinese; German; Japanese; Korean; Arabic; Thai
https://ulis.vnu.edu.vn/gioi-thieu/,Does ULIS conduct scientific research?,Yes
https://ulis.vnu.edu.vn/gioi-thieu/,What kinds of research projects has ULIS completed?,National-level; ministerial-level; VNU-level; university-level projects
https://ulis.vnu.edu.vn/gioi-thieu/,Does ULIS participate in writing foreign language textbooks?,Yes
https://ulis.vnu.edu.vn/gioi-thieu/,What nationwide educational project does ULIS participate in?,The National Foreign Language Project
https://ussh.vnu.edu.vn/vi/news/tin-tuc-ve-dhqghn/lich-su-hinh-thanh-va-phat-trien-dai-hoc-quoc-gia-ha-noi-22318.html,In what year was Indochina University established?,1906
https://ussh.vnu.edu.vn/vi/news/tin-tuc-ve-dhqghn/lich-su-hinh-thanh-va-phat-trien-dai-hoc-quoc-gia-ha-noi-22318.html,What institution was established in 1945 from the foundation of Indochina University?,Vietnam National University
https://ussh.vnu.edu.vn/vi/news/tin-tuc-ve-dhqghn/lich-su-hinh-thanh-va-phat-trien-dai-hoc-quoc-gia-ha-noi-22318.html,When was the first course of Vietnam National University inaugurated?,15 November 1945
https://ussh.vnu.edu.vn/vi/news/tin-tuc-ve-dhqghn/lich-su-hinh-thanh-va-phat-trien-dai-hoc-quoc-gia-ha-noi-22318.html,Who presided over the first inauguration ceremony of Vietnam National University?,President Ho Chi Minh
https://ussh.vnu.edu.vn/vi/news/tin-tuc-ve-dhqghn/lich-su-hinh-thanh-va-phat-trien-dai-hoc-quoc-gia-ha-noi-22318.html,What was the first multidisciplinary university established under the Democratic Republic of Vietnam?,Vietnam National University in 1945
https://ussh.vnu.edu.vn/vi/news/tin-tuc-ve-dhqghn/lich-su-hinh-thanh-va-phat-trien-dai-hoc-quoc-gia-ha-noi-22318.html,What institution was established in Viet Bac in 1951?,Basic Science School
https://ussh.vnu.edu.vn/vi/news/tin-tuc-ve-dhqghn/lich-su-hinh-thanh-va-phat-trien-dai-hoc-quoc-gia-ha-noi-22318.html,Which university was established in 1956 as the first basic science university in Northern Vietnam?,Hanoi General University
https://ussh.vnu.edu.vn/vi/news/tin-tuc-ve-dhqghn/lich-su-hinh-thanh-va-phat-trien-dai-hoc-quoc-gia-ha-noi-22318.html,Which government decision established Hanoi General University?,Decision No. 2183/TC
https://ussh.vnu.edu.vn/vi/news/tin-tuc-ve-dhqghn/lich-su-hinh-thanh-va-phat-trien-dai-hoc-quoc-gia-ha-noi-22318.html,Which year marked the founding of Hanoi University of Foreign Language Teachers?,1967
https://ussh.vnu.edu.vn/vi/news/tin-tuc-ve-dhqghn/lich-su-hinh-thanh-va-phat-trien-dai-hoc-quoc-gia-ha-noi-22318.html,What important Party resolution was issued in 1993 regarding national key universities?,Building several national key universities
https://ussh.vnu.edu.vn/vi/news/tin-tuc-ve-dhqghn/lich-su-hinh-thanh-va-phat-trien-dai-hoc-quoc-gia-ha-noi-22318.html,When was Vietnam National University Hanoi officially established?,1993
https://ussh.vnu.edu.vn/vi/news/tin-tuc-ve-dhqghn/lich-su-hinh-thanh-va-phat-trien-dai-hoc-quoc-gia-ha-noi-22318.html,What was the mission of VNU when it was established in 1993?,To become a leading national university in education and science
https://ussh.vnu.edu.vn/vi/news/tin-tuc-ve-dhqghn/lich-su-hinh-thanh-va-phat-trien-dai-hoc-quoc-gia-ha-noi-22318.html,Which three major universities were reorganized to establish VNU in 1993?,Hanoi General University; Hanoi University of Education No. 1; Hanoi University of Foreign Languages Education
https://ussh.vnu.edu.vn/vi/news/tin-tuc-ve-dhqghn/lich-su-hinh-thanh-va-phat-trien-dai-hoc-quoc-gia-ha-noi-22318.html,Which decree officially established VNU?,Decree 97/CP
https://ussh.vnu.edu.vn/vi/news/tin-tuc-ve-dhqghn/lich-su-hinh-thanh-va-phat-trien-dai-hoc-quoc-gia-ha-noi-22318.html,Who signed Decree 97/CP establishing VNU?,Prime Minister Vo Van Kiet
https://ussh.vnu.edu.vn/vi/news/tin-tuc-ve-dhqghn/lich-su-hinh-thanh-va-phat-trien-dai-hoc-quoc-gia-ha-noi-22318.html,When was the organizational regulation of VNU officially issued?,5 September 1994
https://ussh.vnu.edu.vn/vi/news/tin-tuc-ve-dhqghn/lich-su-hinh-thanh-va-phat-trien-dai-hoc-quoc-gia-ha-noi-22318.html,Which Prime Minister signed the organizational regulation of VNU?,Prime Minister Vo Van Kiet
https://ussh.vnu.edu.vn/vi/news/tin-tuc-ve-dhqghn/lich-su-hinh-thanh-va-phat-trien-dai-hoc-quoc-gia-ha-noi-22318.html,When was VNU University of Social Sciences and Humanities officially established as an independent university?,September 1995
https://ussh.vnu.edu.vn/vi/news/tin-tuc-ve-dhqghn/lich-su-hinh-thanh-va-phat-trien-dai-hoc-quoc-gia-ha-noi-22318.html,What university was the predecessor of VNU University of Social Sciences and Humanities?,Hanoi General University
https://ussh.vnu.edu.vn/vi/news/tin-tuc-ve-dhqghn/lich-su-hinh-thanh-va-phat-trien-dai-hoc-quoc-gia-ha-noi-22318.html,What was established on 10 October 1945 by President Ho Chi Minh?,College of Literature
https://ussh.vnu.edu.vn/vi/news/tin-tuc-ve-dhqghn/lich-su-hinh-thanh-va-phat-trien-dai-hoc-quoc-gia-ha-noi-22318.html,What is the English name of USSH?,VNU University of Social Sciences and Humanities
https://ussh.vnu.edu.vn/vi/news/tin-tuc-ve-dhqghn/lich-su-hinh-thanh-va-phat-trien-dai-hoc-quoc-gia-ha-noi-22318.html,What is the abbreviation of VNU University of Social Sciences and Humanities?,VNU-USSH
https://ussh.vnu.edu.vn/vi/news/tin-tuc-ve-dhqghn/lich-su-hinh-thanh-va-phat-trien-dai-hoc-quoc-gia-ha-noi-22318.html,Where is USSH located?,336 Nguyen Trai Street; Thanh Xuan District; Hanoi
https://ussh.vnu.edu.vn/vi/news/tin-tuc-ve-dhqghn/lich-su-hinh-thanh-va-phat-trien-dai-hoc-quoc-gia-ha-noi-22318.html,Approximately how many universities and research organizations cooperate with USSH?,More than 200 institutions
https://ussh.vnu.edu.vn/vi/news/tin-tuc-ve-dhqghn/lich-su-hinh-thanh-va-phat-trien-dai-hoc-quoc-gia-ha-noi-22318.html,From how many countries does USSH have international cooperation partners?,30 countries
https://ussh.vnu.edu.vn/vi/news/tin-tuc-ve-dhqghn/lich-su-hinh-thanh-va-phat-trien-dai-hoc-quoc-gia-ha-noi-22318.html,What major fields does USSH specialize in?,Social sciences and humanities
https://ussh.vnu.edu.vn/vi/news/tin-tuc-ve-dhqghn/lich-su-hinh-thanh-va-phat-trien-dai-hoc-quoc-gia-ha-noi-22318.html,What is one long-term goal of USSH?,Becoming an advanced research university in the region and the world
https://ussh.vnu.edu.vn/vi/news/tin-tuc-ve-dhqghn/lich-su-hinh-thanh-va-phat-trien-dai-hoc-quoc-gia-ha-noi-22318.html,What kind of university is VNU?,A multidisciplinary and multi-field national university
https://uet.vnu.edu.vn/dao-tao/,How many undergraduate majors does UET currently offer?,20 undergraduate majors
https://uet.vnu.edu.vn/dao-tao/,How many undergraduate training programs does UET currently offer?,22 bachelor and engineering training programs
https://uet.vnu.edu.vn/dao-tao/,What undergraduate majors are offered at UET?,Information Technology; Computer Science; Computer Engineering; Artificial Intelligence; Data Science; Robotics Engineering; Aerospace Engineering; Electronics and Telecommunications Engineering Technology; Control and Automation Engineering; Engineering Physics; Energy Engineering; Construction Engineering; Agricultural Technology
https://uet.vnu.edu.vn/dao-tao/,Which undergraduate majors at UET award a Bachelor degree?,Information Technology; Computer Science; Artificial Intelligence; Data Science; Electronics and Telecommunications Engineering Technology; Engineering Physics; Industrial Design and Graphics
https://uet.vnu.edu.vn/dao-tao/,Which undergraduate majors at UET award an Engineer degree?,Computer Engineering; Computer Networks and Data Communications; Robotics Engineering; Aerospace Engineering; Energy Engineering; Control and Automation Engineering; Construction Engineering
https://uet.vnu.edu.vn/dao-tao/,What is the standard training duration of bachelor programs at UET?,4 years
https://uet.vnu.edu.vn/dao-tao/,What is the standard training duration of engineer programs at UET?,4.5 years
https://uet.vnu.edu.vn/dao-tao/,What is the maximum study duration for undergraduate students at UET?,8 years
https://uet.vnu.edu.vn/dao-tao/,What degree is awarded for the Information Technology undergraduate program?,Bachelor degree
https://uet.vnu.edu.vn/dao-tao/,What is the standard duration of the Information Technology undergraduate program?,4 years
https://uet.vnu.edu.vn/dao-tao/,What is the maximum study duration of the Information Technology undergraduate program?,8 years
https://uet.vnu.edu.vn/dao-tao/,What degree is awarded for the Computer Science undergraduate program?,Bachelor degree
https://uet.vnu.edu.vn/dao-tao/,What is the standard duration of the Computer Science undergraduate program?,4 years
https://uet.vnu.edu.vn/dao-tao/,What is the maximum study duration of the Computer Science undergraduate program?,8 years
https://uet.vnu.edu.vn/dao-tao/,What degree is awarded for the Computer Engineering undergraduate program?,Engineer degree
https://uet.vnu.edu.vn/dao-tao/,What is the standard duration of the Computer Engineering undergraduate program?,4.5 years
https://uet.vnu.edu.vn/dao-tao/,What is the maximum study duration of the Computer Engineering undergraduate program?,9 years
https://uet.vnu.edu.vn/dao-tao/,What degree is awarded for the Artificial Intelligence undergraduate program?,Bachelor degree
https://uet.vnu.edu.vn/dao-tao/,What is the standard duration of the Artificial Intelligence undergraduate program?,4 years
https://uet.vnu.edu.vn/dao-tao/,What is the maximum study duration of the Artificial Intelligence undergraduate program?,8 years
https://uet.vnu.edu.vn/dao-tao/,What degree is awarded for the Data Science undergraduate program?,Bachelor degree
https://uet.vnu.edu.vn/dao-tao/,What is the standard duration of the Data Science undergraduate program?,4 years
https://uet.vnu.edu.vn/dao-tao/,What is the maximum study duration of the Data Science undergraduate program?,8 years
https://uet.vnu.edu.vn/dao-tao/,What degree is awarded for the Computer Networks and Data Communications undergraduate program?,Engineer degree
https://uet.vnu.edu.vn/dao-tao/,What is the standard duration of the Computer Networks and Data Communications undergraduate program?,4.5 years
https://uet.vnu.edu.vn/dao-tao/,What is the maximum study duration of the Computer Networks and Data Communications undergraduate program?,9 years
https://uet.vnu.edu.vn/dao-tao/,What degree is awarded for the Robotics Engineering undergraduate program?,Engineer degree
https://uet.vnu.edu.vn/dao-tao/,What is the standard duration of the Robotics Engineering undergraduate program?,4.5 years
https://uet.vnu.edu.vn/dao-tao/,What is the maximum study duration of the Robotics Engineering undergraduate program?,9 years
https://uet.vnu.edu.vn/dao-tao/,What degree is awarded for the Aerospace Engineering undergraduate program?,Engineer degree
https://uet.vnu.edu.vn/dao-tao/,What is the standard duration of the Aerospace Engineering undergraduate program?,4.5 years
https://uet.vnu.edu.vn/dao-tao/,What is the maximum study duration of the Aerospace Engineering undergraduate program?,9 years
https://uet.vnu.edu.vn/dao-tao/,What degree is awarded for the Electronics and Telecommunications Engineering Technology undergraduate program?,Bachelor degree
https://uet.vnu.edu.vn/dao-tao/,What is the standard duration of the Electronics and Telecommunications Engineering Technology undergraduate program?,4 years
https://uet.vnu.edu.vn/dao-tao/,What is the maximum study duration of the Electronics and Telecommunications Engineering Technology undergraduate program?,8 years
https://uet.vnu.edu.vn/dao-tao/,What degree is awarded for the Control and Automation Engineering undergraduate program?,Engineer degree
https://uet.vnu.edu.vn/dao-tao/,What is the standard duration of the Control and Automation Engineering undergraduate program?,4.5 years
https://uet.vnu.edu.vn/dao-tao/,What is the maximum study duration of the Control and Automation Engineering undergraduate program?,9 years
https://uet.vnu.edu.vn/dao-tao/,What degree is awarded for the Engineering Physics undergraduate program?,Bachelor degree
https://uet.vnu.edu.vn/dao-tao/,What is the standard duration of the Engineering Physics undergraduate program?,4 years
https://uet.vnu.edu.vn/dao-tao/,What is the maximum study duration of the Engineering Physics undergraduate program?,8 years
https://uet.vnu.edu.vn/dao-tao/,What degree is awarded for the Energy Engineering undergraduate program?,Engineer degree
https://uet.vnu.edu.vn/dao-tao/,What is the standard duration of the Energy Engineering undergraduate program?,4.5 years
https://uet.vnu.edu.vn/dao-tao/,What is the maximum study duration of the Energy Engineering undergraduate program?,9 years
https://ulis.vnu.edu.vn/pho-bien-nhung-diem-moi-trong-quy-che-dao-tao-dai-hoc-theo-quyet-dinh-so-3626-qd-dhqghn-cho-can-bo-va-sinh-vien/,What is the maximum study duration for full-time undergraduate students at ULIS under the new regulation?,8 years
https://ulis.vnu.edu.vn/tot-nghiep-dai-hoc-trong-3-nam-tang-toc-de-but-pha-but-pha-danh-cho-nguoi-tre-ban-linh/,What is the standard duration of undergraduate programs in the ULIS BRT model?,4 years
https://ulis.vnu.edu.vn/gioi-thieu/,What degree is awarded for language teacher education programs at ULIS?,Bachelor degree
https://ulis.vnu.edu.vn/gioi-thieu/,What degree is awarded for foreign language programs at ULIS?,Bachelor degree
https://ulis.vnu.edu.vn/tbtsdh2025/,Which ULIS program specializes in Business English?,Business English
https://ulis.vnu.edu.vn/tbtsdh2025/,Which ULIS program focuses on Korean language?,Korean Language
https://ulis.vnu.edu.vn/tbtsdh2025/,Which ULIS program specializes in Japanese language?,Japanese Language
https://ulis.vnu.edu.vn/tbtsdh2025/,Which ULIS program focuses on Chinese language?,Chinese Language
https://ulis.vnu.edu.vn/tbtsdh2025/,Which ULIS program specializes in Arabic language?,Arabic Language
https://ulis.vnu.edu.vn/tbtsdh2025/,Which ULIS program focuses on Translation and Interpretation?,Translation and Interpretation
https://ussh.vnu.edu.vn/vi/dao-tao/chuong-trinh-dao-tao-chuan/chuong-trinh-dao-tao-chuan-20666.html,How many undergraduate programs does USSH offer?,More than 30 undergraduate programs
https://ussh.vnu.edu.vn/vi/dao-tao/chuong-trinh-dao-tao-chuan/chuong-trinh-dao-tao-chuan-20666.html,Which USSH undergraduate program specializes in Journalism?,Journalism
https://ussh.vnu.edu.vn/vi/dao-tao/chuong-trinh-dao-tao-chuan/chuong-trinh-dao-tao-chuan-20666.html,Which USSH undergraduate program focuses on Psychology?,Psychology
https://ussh.vnu.edu.vn/vi/dao-tao/chuong-trinh-dao-tao-chuan/chuong-trinh-dao-tao-chuan-20666.html,Which USSH undergraduate program specializes in Korean Studies?,Korean Studies
https://ussh.vnu.edu.vn/vi/dao-tao/chuong-trinh-dao-tao-chuan/chuong-trinh-dao-tao-chuan-20666.html,Which USSH undergraduate program focuses on International Studies?,International Studies
https://ussh.vnu.edu.vn/vi/dao-tao/chuong-trinh-dao-tao-chuan/chuong-trinh-dao-tao-chuan-20666.html,Which USSH undergraduate program specializes in Multimedia Communications?,Multimedia Communications
https://ussh.vnu.edu.vn/vi/dao-tao/chuong-trinh-dao-tao-chuan/chuong-trinh-dao-tao-chuan-20666.html,Which USSH undergraduate program focuses on Tourism Management?,Tourism and Travel Service Management
https://ussh.vnu.edu.vn/vi/dao-tao/chuong-trinh-dao-tao-chuan/chuong-trinh-dao-tao-chuan-20666.html,Which USSH undergraduate program specializes in Public Relations?,Public Relations
https://ussh.vnu.edu.vn/vi/dao-tao/chuong-trinh-dao-tao-chuan/chuong-trinh-dao-tao-chuan-20666.html,What is the standard duration of undergraduate programs at USSH?,4 years
https://hcmussh.edu.vn/static/document/15808.pdf,What is the maximum extended study duration for a 4-year undergraduate program?,6 years
https://uet.vnu.edu.vn/dinh-muc-hoc-phi-dao-tao-dai-hoc-nam-hoc-2024-2025/,What was the tuition fee for the Information Technology program at UET in 2024-2025?,32 million VND per academic year in 2024-2025
https://uet.vnu.edu.vn/dinh-muc-hoc-phi-dao-tao-dai-hoc-nam-hoc-2024-2025/,What was the tuition fee for the Computer Science program at UET in 2024-2025?,40 million VND per academic year in 2024-2025
https://uet.vnu.edu.vn/dinh-muc-hoc-phi-dao-tao-dai-hoc-nam-hoc-2024-2025/,What was the tuition fee for the Artificial Intelligence program at UET in 2024-2025?,32 million VND per academic year in 2024-2025
https://uet.vnu.edu.vn/dinh-muc-hoc-phi-dao-tao-dai-hoc-nam-hoc-2024-2025/,What was the tuition fee for the Data Science program at UET in 2024-2025?,32 million VND per academic year in 2024-2025
https://uet.vnu.edu.vn/dinh-muc-hoc-phi-dao-tao-dai-hoc-nam-hoc-2024-2025/,What was the tuition fee for the Information Systems program at UET in 2024-2025?,40 million VND per academic year in 2024-2025
https://uet.vnu.edu.vn/dinh-muc-hoc-phi-dao-tao-dai-hoc-nam-hoc-2024-2025/,What was the tuition fee for the Software Engineering program at UET in 2024-2025?,32 million VND per academic year in 2024-2025
https://uet.vnu.edu.vn/dinh-muc-hoc-phi-dao-tao-dai-hoc-nam-hoc-2024-2025/,What was the tuition fee for the Computer Engineering program at UET in 2024-2025?,40 million VND per academic year in 2024-2025
https://uet.vnu.edu.vn/dinh-muc-hoc-phi-dao-tao-dai-hoc-nam-hoc-2024-2025/,What was the tuition fee for the Computer Networks and Data Communications program at UET in 2024-2025?,40 million VND per academic year in 2024-2025
https://uet.vnu.edu.vn/dinh-muc-hoc-phi-dao-tao-dai-hoc-nam-hoc-2024-2025/,What was the tuition fee for the Robotics Engineering program at UET in 2024-2025?,32 million VND per academic year in 2024-2025
https://uet.vnu.edu.vn/dinh-muc-hoc-phi-dao-tao-dai-hoc-nam-hoc-2024-2025/,What was the tuition fee for the Aerospace Engineering program at UET in 2024-2025?,32 million VND per academic year in 2024-2025
https://uet.vnu.edu.vn/dinh-muc-hoc-phi-dao-tao-dai-hoc-nam-hoc-2024-2025/,What was the tuition fee for the Electronics and Telecommunications Engineering Technology program at UET in 2024-2025?,40 million VND per academic year in 2024-2025
https://uet.vnu.edu.vn/dinh-muc-hoc-phi-dao-tao-dai-hoc-nam-hoc-2024-2025/,What was the tuition fee for the Control and Automation Engineering program at UET in 2024-2025?,32 million VND per academic year in 2024-2025
https://uet.vnu.edu.vn/dinh-muc-hoc-phi-dao-tao-dai-hoc-nam-hoc-2024-2025/,What was the tuition fee for the Engineering Physics program at UET in 2024-2025?,32 million VND per academic year in 2024-2025
https://uet.vnu.edu.vn/dinh-muc-hoc-phi-dao-tao-dai-hoc-nam-hoc-2024-2025/,What was the tuition fee for the Energy Engineering program at UET in 2024-2025?,32 million VND per academic year in 2024-2025
https://uet.vnu.edu.vn/dinh-muc-hoc-phi-dao-tao-dai-hoc-nam-hoc-2024-2025/,What was the tuition fee for the Construction Engineering program at UET in 2024-2025?,32 million VND per academic year in 2024-2025
https://uet.vnu.edu.vn/dinh-muc-hoc-phi-dao-tao-dai-hoc-nam-hoc-2024-2025/,What was the tuition fee for the Agricultural Technology program at UET in 2024-2025?,32 million VND per academic year in 2024-2025
https://ulis.vnu.edu.vn/tbtsdh26/,What was the tuition fee for the English Language program at ULIS in 2026?,42 million VND per student per year in 2026
https://ulis.vnu.edu.vn/tbtsdh26/,What was the tuition fee for the French Language program at ULIS in 2026?,42 million VND per student per year in 2026
https://ulis.vnu.edu.vn/tbtsdh26/,What was the tuition fee for the Chinese Language program at ULIS in 2026?,42 million VND per student per year in 2026
https://ulis.vnu.edu.vn/tbtsdh26/,What was the tuition fee for the German Language program at ULIS in 2026?,42 million VND per student per year in 2026
https://ulis.vnu.edu.vn/tbtsdh26/,What was the tuition fee for the Japanese Language program at ULIS in 2026?,42 million VND per student per year in 2026
https://ulis.vnu.edu.vn/tbtsdh26/,What was the tuition fee for the Korean Language program at ULIS in 2026?,42 million VND per student per year in 2026
https://ulis.vnu.edu.vn/tbtsdh26/,What was the tuition fee for the Russian Language program at ULIS in 2026?,31 million VND per student per year in 2026
https://ulis.vnu.edu.vn/tbtsdh26/,What was the tuition fee for the Arabic Language program at ULIS in 2026?,31 million VND per student per year in 2026
https://ulis.vnu.edu.vn/tbtsdh26/,What was the tuition fee for the Vietnamese Language and Vietnamese Culture program at ULIS in 2026?,31 million VND per student per year in 2026
https://ussh.vnu.edu.vn/vi/news/dao-tao/nam-2023-truong-dai-hoc-khoa-hoc-xa-hoi-va-nhan-tuyen-sinh-2000-chi-tieu-dai-hoc-chinh-quy-cho-27-nganh-dao-tao-21962.html,What was the tuition fee for the Journalism program at USSH in 2023-2024?,35 million VND per year in 2023-2024
https://ussh.vnu.edu.vn/vi/news/dao-tao/nam-2023-truong-dai-hoc-khoa-hoc-xa-hoi-va-nhan-tuyen-sinh-2000-chi-tieu-dai-hoc-chinh-quy-cho-27-nganh-dao-tao-21962.html,What was the tuition fee for the Hotel Management program at USSH in 2023-2024?,35 million VND per year in 2023-2024
https://ussh.vnu.edu.vn/vi/news/dao-tao/nam-2023-truong-dai-hoc-khoa-hoc-xa-hoi-va-nhan-tuyen-sinh-2000-chi-tieu-dai-hoc-chinh-quy-cho-27-nganh-dao-tao-21962.html,What was the tuition fee for the Public Relations program at USSH in 2023-2024?,35 million VND per year in 2023-2024
https://ussh.vnu.edu.vn/vi/news/dao-tao/nam-2023-truong-dai-hoc-khoa-hoc-xa-hoi-va-nhan-tuyen-sinh-2000-chi-tieu-dai-hoc-chinh-quy-cho-27-nganh-dao-tao-21962.html,What was the tuition fee for the Psychology program at USSH in 2023-2024?,30 million VND per year in 2023-2024
https://ussh.vnu.edu.vn/vi/news/dao-tao/nam-2023-truong-dai-hoc-khoa-hoc-xa-hoi-va-nhan-tuyen-sinh-2000-chi-tieu-dai-hoc-chinh-quy-cho-27-nganh-dao-tao-21962.html,What was the tuition fee for the International Studies program at USSH in 2023-2024?,30 million VND per year in 2023-2024
https://ussh.vnu.edu.vn/vi/news/dao-tao/nam-2023-truong-dai-hoc-khoa-hoc-xa-hoi-va-nhan-tuyen-sinh-2000-chi-tieu-dai-hoc-chinh-quy-cho-27-nganh-dao-tao-21962.html,What was the tuition fee for the Office Administration program at USSH in 2023-2024?,30 million VND per year in 2023-2024
https://ussh.vnu.edu.vn/vi/news/dao-tao/nam-2023-truong-dai-hoc-khoa-hoc-xa-hoi-va-nhan-tuyen-sinh-2000-chi-tieu-dai-hoc-chinh-quy-cho-27-nganh-dao-tao-21962.html,What was the tuition fee for the Management Science program at USSH in 2023-2024?,25 million VND per year in 2023-2024
https://ussh.vnu.edu.vn/vi/news/dao-tao/nam-2023-truong-dai-hoc-khoa-hoc-xa-hoi-va-nhan-tuyen-sinh-2000-chi-tieu-dai-hoc-chinh-quy-cho-27-nganh-dao-tao-21962.html,What was the tuition fee for the Oriental Studies program at USSH in 2023-2024?,25 million VND per year in 2023-2024
https://ussh.vnu.edu.vn/vi/news/dao-tao/nam-2023-truong-dai-hoc-khoa-hoc-xa-hoi-va-nhan-tuyen-sinh-2000-chi-tieu-dai-hoc-chinh-quy-cho-27-nganh-dao-tao-21962.html,What was the tuition fee for the Sociology program at USSH in 2023-2024?,20 million VND per year in 2023-2024
https://ussh.vnu.edu.vn/vi/news/dao-tao/nam-2023-truong-dai-hoc-khoa-hoc-xa-hoi-va-nhan-tuyen-sinh-2000-chi-tieu-dai-hoc-chinh-quy-cho-27-nganh-dao-tao-21962.html,What was the tuition fee for the Linguistics program at USSH in 2023-2024?,20 million VND per year in 2023-2024
https://uet-test.uet.edu.vn/quy-che-dao-tao-dai-hoc-tai-dhqghn/,Which decision issued the VNU undergraduate training regulations in 2022?,Decision No. 3626/QD-DHQGHN
https://uet-test.uet.edu.vn/quy-che-dao-tao-dai-hoc-tai-dhqghn/,When was Decision No. 3626/QD-DHQGHN issued?,21 October 2022
https://uet-test.uet.edu.vn/quy-che-dao-tao-dai-hoc-tai-dhqghn/,What does the VNU undergraduate training regulation govern?,Programs organization academic activities student assessment and graduation recognition
https://uet-test.uet.edu.vn/quy-che-dao-tao-dai-hoc-tai-dhqghn/,How many main semesters are included in one academic year at VNU?,Two main semesters
https://uet-test.uet.edu.vn/quy-che-dao-tao-dai-hoc-tai-dhqghn/,How many supplementary semesters are included in one academic year at VNU?,One supplementary semester
https://uet-test.uet.edu.vn/quy-che-dao-tao-dai-hoc-tai-dhqghn/,How many study weeks are included in a main semester at VNU?,15 study weeks
https://uet-test.uet.edu.vn/quy-che-dao-tao-dai-hoc-tai-dhqghn/,How many exam weeks are included in a main semester at VNU?,3 to 4 exam weeks
https://uet-test.uet.edu.vn/quy-che-dao-tao-dai-hoc-tai-dhqghn/,How many study weeks are included in a supplementary semester at VNU?,At least 5 study weeks
https://uet-test.uet.edu.vn/quy-che-dao-tao-dai-hoc-tai-dhqghn/,How many exam weeks are included in a supplementary semester at VNU?,1 exam week
https://fos.ussh.vnu.edu.vn/vi/laws/detail/Quy-che-dao-tao-dai-hoc-tai-Dai-hoc-Quoc-gia-Ha-Noi-Ap-dung-tu-khoa-QH-2022-X-5/?download=1&id=0,What is the standard duration of bachelor programs at VNU?,8 main semesters
https://fos.ussh.vnu.edu.vn/vi/laws/detail/Quy-che-dao-tao-dai-hoc-tai-Dai-hoc-Quoc-gia-Ha-Noi-Ap-dung-tu-khoa-QH-2022-X-5/?download=1&id=0,What is the standard duration of engineering programs at VNU?,9 to 10 main semesters
https://fos.ussh.vnu.edu.vn/vi/laws/detail/Quy-che-dao-tao-dai-hoc-tai-Dai-hoc-Quoc-gia-Ha-Noi-Ap-dung-tu-khoa-QH-2022-X-5/?download=1&id=0,What is the standard duration of pharmacy programs at VNU?,10 main semesters
https://fos.ussh.vnu.edu.vn/vi/laws/detail/Quy-che-dao-tao-dai-hoc-tai-Dai-hoc-Quoc-gia-Ha-Noi-Ap-dung-tu-khoa-QH-2022-X-5/?download=1&id=0,What is the standard duration of medical doctor programs at VNU?,12 main semesters
https://uet.vnu.edu.vn/quy-che-dao-tao-dai-hoc-cua-dai-hoc-quoc-gia-ha-noi-theo-quyet-dinh-5115qd-dhqghn/,What is the minimum number of credits required for the first major in a dual-major program at VNU?,120 credits
https://uet.vnu.edu.vn/quy-che-dao-tao-dai-hoc-cua-dai-hoc-quoc-gia-ha-noi-theo-quyet-dinh-5115qd-dhqghn/,What is the minimum number of credits required for the second major in a dual-major program at VNU?,30 credits
https://uet.vnu.edu.vn/quy-che-dao-tao-dai-hoc-cua-dai-hoc-quoc-gia-ha-noi-theo-quyet-dinh-5115qd-dhqghn/,What is the minimum number of credits required for an international-standard training program at VNU compared with the standard program?,At least 15 additional credits
https://uet.vnu.edu.vn/quy-che-dao-tao-dai-hoc-cua-dai-hoc-quoc-gia-ha-noi-theo-quyet-dinh-5115qd-dhqghn/,What is the minimum credit requirement for a standard undergraduate curriculum at VNU?,120 credits
https://uet.vnu.edu.vn/quy-che-dao-tao-dai-hoc-cua-dai-hoc-quoc-gia-ha-noi-theo-quyet-dinh-5115qd-dhqghn/,How many additional credits can be added for a major-minor training model at VNU?,15 to 29 additional credits
https://uet.vnu.edu.vn/quy-che-dao-tao-dai-hoc-cua-dai-hoc-quoc-gia-ha-noi-theo-quyet-dinh-5115qd-dhqghn/,What type of semester is optional for students at VNU?,Supplementary semester
https://uet.vnu.edu.vn/wp-content/uploads/2019/07/S%E1%BB%95-tay-h%E1%BB%8Dc-v%E1%BB%A5-2019.pdf,Who determines the minimum and maximum credit load for students under academic warning at UET?,The faculty and training office
https://uet.vnu.edu.vn/wp-content/uploads/2019/07/S%E1%BB%95-tay-h%E1%BB%8Dc-v%E1%BB%A5-2019.pdf,Can students register for fewer credits than the minimum requirement with approval?,Yes
https://uet.vnu.edu.vn/wp-content/uploads/2019/07/S%E1%BB%95-tay-h%E1%BB%8Dc-v%E1%BB%A5-2019.pdf,What academic system does UET apply for undergraduate education?,Credit-based system
https://uet.vnu.edu.vn/wp-content/uploads/2019/07/S%E1%BB%95-tay-h%E1%BB%8Dc-v%E1%BB%A5-2019.pdf,What document does UET provide to students at the beginning of a course?,Training curriculum
https://uet-test.uet.edu.vn/quy-che-dao-tao-dai-hoc-tai-dhqghn/,Does the VNU undergraduate training regulation apply to both regular and part-time education?,Yes
https://uet-test.uet.edu.vn/quy-che-dao-tao-dai-hoc-tai-dhqghn/,What student activity is included in the VNU undergraduate training regulation?,Scientific research activities
https://uet-test.uet.edu.vn/quy-che-dao-tao-dai-hoc-tai-dhqghn/,Which student support role is included in the VNU undergraduate training regulation?,Academic advisor
https://uet-test.uet.edu.vn/quy-che-dao-tao-dai-hoc-tai-dhqghn/,What student evaluation activities are regulated by VNU undergraduate regulations?,Testing exams and learning assessment
https://uet-test.uet.edu.vn/quy-che-dao-tao-dai-hoc-tai-dhqghn/,What graduation-related activity is regulated by the VNU undergraduate regulations?,Graduation recognition
https://fos.ussh.vnu.edu.vn/vi/laws/detail/Quy-che-dao-tao-dai-hoc-tai-Dai-hoc-Quoc-gia-Ha-Noi-Ap-dung-tu-khoa-QH-2022-X-5/?download=1&id=0,Which form of education has a study duration at least 20 percent longer than regular programs?,Part-time education
https://fos.ussh.vnu.edu.vn/vi/laws/detail/Quy-che-dao-tao-dai-hoc-tai-Dai-hoc-Quoc-gia-Ha-Noi-Ap-dung-tu-khoa-QH-2022-X-5/?download=1&id=0,When must VNU training units publicly announce training information before organizing programs?,At least 45 days in advance
https://fos.ussh.vnu.edu.vn/vi/laws/detail/Quy-che-dao-tao-dai-hoc-tai-Dai-hoc-Quoc-gia-Ha-Noi-Ap-dung-tu-khoa-QH-2022-X-5/?download=1&id=0,What type of student records must be permanently archived at VNU?,Graduation decisions and original degree supplements
https://uet.vnu.edu.vn/quy-che-dao-tao-dai-hoc-cua-dai-hoc-quoc-gia-ha-noi-theo-quyet-dinh-5115qd-dhqghn/,Can international joint programs at VNU be jointly awarded with foreign institutions?,Yes
https://uet.vnu.edu.vn/quy-che-dao-tao-dai-hoc-cua-dai-hoc-quoc-gia-ha-noi-theo-quyet-dinh-5115qd-dhqghn/,Does the VNU undergraduate regulation govern foreign-issued international programs?,No
https://uet.vnu.edu.vn/quy-che-dao-tao-dai-hoc-cua-dai-hoc-quoc-gia-ha-noi-theo-quyet-dinh-5115qd-dhqghn/,What educational model allows students to study both a main major and a minor at VNU?,Major-minor training model
https://uet.vnu.edu.vn/quy-che-dao-tao-dai-hoc-cua-dai-hoc-quoc-gia-ha-noi-theo-quyet-dinh-5115qd-dhqghn/,What educational model allows students to study two majors simultaneously at VNU?,Dual-major training model
https://tuyensinh.uet.vnu.edu.vn/wp-content/images/Thong-tin-tuyen-sinh-DHCQ-nam-2025-QHI.pdf,How many admission methods did UET plan to use in 2025?,4 admission methods
https://tuyensinh.uet.vnu.edu.vn/wp-content/images/Thong-tin-tuyen-sinh-DHCQ-nam-2025-QHI.pdf,What admission methods were used by UET in 2025?,High school graduation exam scores; HSA competency assessment scores; SAT scores; direct admission and priority admission
https://tuyensinh.uet.vnu.edu.vn/wp-content/images/Thong-tin-tuyen-sinh-DHCQ-nam-2025-QHI.pdf,Which admission combination is commonly used for UET engineering and technology majors?,A00; A01; X06
https://diemthi.tuyensinh247.com/de-an-tuyen-sinh/dai-hoc-cong-nghe-dai-hoc-quoc-gia-ha-noi-QHI.html,What subjects are included in the A00 admission combination at UET?,Mathematics; Physics; Chemistry
https://diemthi.tuyensinh247.com/de-an-tuyen-sinh/dai-hoc-cong-nghe-dai-hoc-quoc-gia-ha-noi-QHI.html,What subjects are included in the A01 admission combination at UET?,Mathematics; Physics; English
https://diemthi.tuyensinh247.com/de-an-tuyen-sinh/dai-hoc-cong-nghe-dai-hoc-quoc-gia-ha-noi-QHI.html,What subjects are included in the X06 admission combination at UET?,Mathematics; Physics; Informatics
https://diemthi.tuyensinh247.com/de-an-tuyen-sinh/dai-hoc-cong-nghe-dai-hoc-quoc-gia-ha-noi-QHI.html,Which UET majors additionally use the A02 combination?,Biotechnology; Agricultural Technology
https://diemthi.tuyensinh247.com/de-an-tuyen-sinh/dai-hoc-cong-nghe-dai-hoc-quoc-gia-ha-noi-QHI.html,What subjects are included in the A02 admission combination?,Mathematics; Physics; Biology
https://tuyensinh.uet.vnu.edu.vn/uncategorized/thong-bao-diem-trung-tuyen-dai-hoc-chinh-quy-vao-truong-dai-hoc-cong-nghe-dhqghn-nam-2025/,What was the admission score for Information Technology at UET in 2025?,28.19 points
https://tuyensinh.uet.vnu.edu.vn/uncategorized/thong-bao-diem-trung-tuyen-dai-hoc-chinh-quy-vao-truong-dai-hoc-cong-nghe-dhqghn-nam-2025/,What was the admission score for Computer Science at UET in 2025?,27.86 points
https://tuyensinh.uet.vnu.edu.vn/uncategorized/thong-bao-diem-trung-tuyen-dai-hoc-chinh-quy-vao-truong-dai-hoc-cong-nghe-dhqghn-nam-2025/,What was the admission score for Artificial Intelligence at UET in 2025?,27.85 points
https://tuyensinh.uet.vnu.edu.vn/uncategorized/thong-bao-diem-trung-tuyen-dai-hoc-chinh-quy-vao-truong-dai-hoc-cong-nghe-dhqghn-nam-2025/,What was the admission score for Control and Automation Engineering at UET in 2025?,27.90 points
https://tuyensinh.uet.vnu.edu.vn/uncategorized/thong-bao-diem-trung-tuyen-dai-hoc-chinh-quy-vao-truong-dai-hoc-cong-nghe-dhqghn-nam-2025/,What was the admission score for Aerospace Engineering at UET in 2025?,23.96 points
https://tuyensinh.uet.vnu.edu.vn/uncategorized/thong-bao-diem-trung-tuyen-dai-hoc-chinh-quy-vao-truong-dai-hoc-cong-nghe-dhqghn-nam-2025/,What was the admission score for Agricultural Technology at UET in 2025?,22.00 points
https://tuyensinh.uet.vnu.edu.vn/ban-nen-biet/thong-bao-xet-tuyen-thang-uu-tien-xet-tuyen-xet-tuyen-theo-hsa-sat-va-thu-nhan-chung-chi-tieng-anh-quoc-te-de-quy-doi-cong-diem-trong-xet-tuyen-vao-dai-hoc-chinh-quy-nam-2025-tai-truong-dai-hoc-con/,What IELTS score can be converted into English scores for admission at UET in 2025?,IELTS Academic 5.5 or higher
https://tuyensinh.uet.vnu.edu.vn/ban-nen-biet/thong-bao-xet-tuyen-thang-uu-tien-xet-tuyen-xet-tuyen-theo-hsa-sat-va-thu-nhan-chung-chi-tieng-anh-quoc-te-de-quy-doi-cong-diem-trong-xet-tuyen-vao-dai-hoc-chinh-quy-nam-2025-tai-truong-dai-hoc-con/,What TOEFL iBT score was accepted for English score conversion at UET in 2025?,72 or higher
https://xaydungchinhsach.chinhphu.vn/tuyen-sinh-2025-phuong-thuc-to-hop-chi-tieu-tuyen-sinh-cua-truong-dai-hoc-khoa-hoc-xa-hoi-va-nhan-van-dhqghn-119250605164343934.htm,Which new admission combinations were added by USSH in 2025?,C03; C04
https://xaydungchinhsach.chinhphu.vn/tuyen-sinh-2025-phuong-thuc-to-hop-chi-tieu-tuyen-sinh-cua-truong-dai-hoc-khoa-hoc-xa-hoi-va-nhan-van-dhqghn-119250605164343934.htm,What subjects are included in the C03 combination at USSH?,Mathematics; Literature; History
https://xaydungchinhsach.chinhphu.vn/tuyen-sinh-2025-phuong-thuc-to-hop-chi-tieu-tuyen-sinh-cua-truong-dai-hoc-khoa-hoc-xa-hoi-va-nhan-van-dhqghn-119250605164343934.htm,What subjects are included in the C04 combination at USSH?,Mathematics; Literature; Geography
https://xaydungchinhsach.chinhphu.vn/tuyen-sinh-2025-phuong-thuc-to-hop-chi-tieu-tuyen-sinh-cua-truong-dai-hoc-khoa-hoc-xa-hoi-va-nhan-van-dhqghn-119250605164343934.htm,Which USSH majors additionally accepted the C00 combination in 2025?,Journalism; Public Relations; Psychology; International Studies; Sociology; Hotel Management
https://diemthi.tuyensinh247.com/de-an-tuyen-sinh/dai-hoc-khoa-hoc-xa-hoi-va-nhan-van-ha-noi-QHX.html,Which USSH major specializes in Journalism?,Journalism
https://diemthi.tuyensinh247.com/de-an-tuyen-sinh/dai-hoc-khoa-hoc-xa-hoi-va-nhan-van-ha-noi-QHX.html,Which USSH major specializes in Public Relations?,Public Relations
https://diemthi.tuyensinh247.com/de-an-tuyen-sinh/dai-hoc-khoa-hoc-xa-hoi-va-nhan-van-ha-noi-QHX.html,Which USSH major specializes in Korean Studies?,Korean Studies
https://diemthi.tuyensinh247.com/de-an-tuyen-sinh/dai-hoc-khoa-hoc-xa-hoi-va-nhan-van-ha-noi-QHX.html,Which USSH major specializes in Tourism and Travel Service Management?,Tourism and Travel Service Management
https://tuyensinh.uet.vnu.edu.vn/wp-content/images/Thong-tin-tuyen-sinh-DHCQ-nam-2025-QHI.pdf,Does UET use SAT scores for undergraduate admission in 2025?,Yes
https://tuyensinh.uet.vnu.edu.vn/wp-content/images/Thong-tin-tuyen-sinh-DHCQ-nam-2025-QHI.pdf,Does UET use HSA competency assessment scores for undergraduate admission in 2025?,Yes
https://tuyensinh.uet.vnu.edu.vn/uncategorized/thong-bao-diem-trung-tuyen-dai-hoc-chinh-quy-vao-truong-dai-hoc-cong-nghe-dhqghn-nam-2025/,Which UET major had a 2025 admission score of 28.19 points?,Information Technology
https://tuyensinh.uet.vnu.edu.vn/uncategorized/thong-bao-diem-trung-tuyen-dai-hoc-chinh-quy-vao-truong-dai-hoc-cong-nghe-dhqghn-nam-2025/,Which UET major had a 2025 admission score of 27.86 points?,Computer Science
https://tuyensinh.uet.vnu.edu.vn/uncategorized/thong-bao-diem-trung-tuyen-dai-hoc-chinh-quy-vao-truong-dai-hoc-cong-nghe-dhqghn-nam-2025/,Which UET major had a 2025 admission score of 27.75 points?,Artificial Intelligence
https://tuyensinh.uet.vnu.edu.vn/uncategorized/thong-bao-diem-trung-tuyen-dai-hoc-chinh-quy-vao-truong-dai-hoc-cong-nghe-dhqghn-nam-2025/,What was the admission score for Data Science at UET in 2025?,27.38 points
https://tuyensinh.uet.vnu.edu.vn/uncategorized/thong-bao-diem-trung-tuyen-dai-hoc-chinh-quy-vao-truong-dai-hoc-cong-nghe-dhqghn-nam-2025/,What was the admission score for Computer Engineering at UET in 2025?,27.00 points
https://tuyensinh.uet.vnu.edu.vn/uncategorized/thong-bao-diem-trung-tuyen-dai-hoc-chinh-quy-vao-truong-dai-hoc-cong-nghe-dhqghn-nam-2025/,What was the admission score for Information Systems at UET in 2025?,26.38 points
https://tuyensinh.uet.vnu.edu.vn/uncategorized/thong-bao-diem-trung-tuyen-dai-hoc-chinh-quy-vao-truong-dai-hoc-cong-nghe-dhqghn-nam-2025/,What was the admission score for Electronics and Telecommunications Engineering Technology at UET in 2025?,26.73 points
https://tuyensinh.uet.vnu.edu.vn/uncategorized/thong-bao-diem-trung-tuyen-dai-hoc-chinh-quy-vao-truong-dai-hoc-cong-nghe-dhqghn-nam-2025/,What was the admission score for Robotics Engineering at UET in 2025?,26.00 points
https://tuyensinh.uet.vnu.edu.vn/uncategorized/thong-bao-diem-trung-tuyen-dai-hoc-chinh-quy-vao-truong-dai-hoc-cong-nghe-dhqghn-nam-2025/,What was the admission score for Energy Engineering at UET in 2025?,24.87 points
https://tuyensinh.uet.vnu.edu.vn/uncategorized/thong-bao-diem-trung-tuyen-dai-hoc-chinh-quy-vao-truong-dai-hoc-cong-nghe-dhqghn-nam-2025/,What was the admission score for Engineering Physics at UET in 2025?,25.20 points
https://tuyensinh.uet.vnu.edu.vn/uncategorized/thong-bao-diem-trung-tuyen-dai-hoc-chinh-quy-vao-truong-dai-hoc-cong-nghe-dhqghn-nam-2025/,What was the admission score for Construction Engineering at UET in 2025?,22.25 points
https://tuyensinh.uet.vnu.edu.vn/uncategorized/thong-bao-diem-trung-tuyen-dai-hoc-chinh-quy-vao-truong-dai-hoc-cong-nghe-dhqghn-nam-2025/,Which UET major had a 2025 admission score of 22.00 points?,Agricultural Technology
https://tuyensinh.uet.vnu.edu.vn/tin-tuyen-sinh/thong-bao-diem-trung-tuyen-vao-truong-dai-hoc-cong-nghe-dhqghn-nam-2024-theo-phuong-thuc-thpt/,What was the 2024 admission score for Information Technology at UET?,27.8 points
https://tuyensinh.uet.vnu.edu.vn/tin-tuyen-sinh/thong-bao-diem-trung-tuyen-vao-truong-dai-hoc-cong-nghe-dhqghn-nam-2024-theo-phuong-thuc-thpt/,What was the 2024 admission score for Artificial Intelligence at UET?,27.12 points
https://tuyensinh.uet.vnu.edu.vn/tin-tuyen-sinh/thong-bao-diem-trung-tuyen-vao-truong-dai-hoc-cong-nghe-dhqghn-nam-2024-theo-phuong-thuc-thpt/,What was the 2024 admission score for Computer Science at UET?,27.58 points
https://tuyensinh.uet.vnu.edu.vn/tin-tuyen-sinh/thong-bao-diem-trung-tuyen-vao-truong-dai-hoc-cong-nghe-dhqghn-nam-2024-theo-phuong-thuc-thpt/,What was the 2024 admission score for Computer Engineering at UET?,26.97 points
https://tuyensinh.uet.vnu.edu.vn/tin-tuyen-sinh/thong-bao-diem-trung-tuyen-vao-truong-dai-hoc-cong-nghe-dhqghn-nam-2024-theo-phuong-thuc-thpt/,What was the 2024 admission score for Information Systems at UET?,26.87 points
https://tuyensinh.uet.vnu.edu.vn/tin-tuyen-sinh/thong-bao-diem-trung-tuyen-vao-truong-dai-hoc-cong-nghe-dhqghn-nam-2024-theo-phuong-thuc-thpt/,What was the 2024 admission score for Robotics Engineering at UET?,25.99 points
https://tuyensinh.uet.vnu.edu.vn/tin-tuyen-sinh/thong-bao-diem-trung-tuyen-vao-truong-dai-hoc-cong-nghe-dhqghn-nam-2024-theo-phuong-thuc-thpt/,What was the 2024 admission score for Aerospace Engineering at UET?,24.61 points
https://tuyensinh.uet.vnu.edu.vn/tin-tuyen-sinh/thong-bao-diem-trung-tuyen-vao-truong-dai-hoc-cong-nghe-dhqghn-nam-2024-theo-phuong-thuc-thpt/,What was the 2024 admission score for Agricultural Technology at UET?,22.50 points
https://tuyensinh.uet.vnu.edu.vn/tin-tuyen-sinh/thong-bao-diem-trung-tuyen-vao-truong-dai-hoc-cong-nghe-dhqghn-nam-2024-theo-phuong-thuc-thpt/,Which UET major had the highest 2024 admission score?,Information Technology had the highest 2024 admission score with 27.8 points.
https://tuyensinh.uet.vnu.edu.vn/tin-tuyen-sinh/thong-bao-diem-trung-tuyen-vao-truong-dai-hoc-cong-nghe-dhqghn-nam-2024-theo-phuong-thuc-thpt/,Which UET major had a 2024 admission score of 27.12 points?,Artificial Intelligence had a 2024 admission score of 27.12 points.
https://tuyensinh.uet.vnu.edu.vn/tin-tuyen-sinh/thong-bao-diem-trung-tuyen-vao-truong-dai-hoc-cong-nghe-dhqghn-nam-2024-theo-phuong-thuc-thpt/,Did Artificial Intelligence or Computer Science have a higher 2024 admission score at UET?,Computer Science had a higher score with 27.58 points compared to Artificial Intelligence with 27.12 points.
https://tuyensinh.uet.vnu.edu.vn/tin-tuyen-sinh/thong-bao-diem-trung-tuyen-vao-truong-dai-hoc-cong-nghe-dhqghn-nam-2024-theo-phuong-thuc-thpt/,What was the difference between the 2024 admission scores for Information Technology and Artificial Intelligence at UET?,The difference was 0.68 points.
https://tuyensinh.uet.vnu.edu.vn/tin-tuyen-sinh/thong-bao-diem-trung-tuyen-vao-truong-dai-hoc-cong-nghe-dhqghn-nam-2024-theo-phuong-thuc-thpt/,What major does the admission code CN1 represent at UET?,CN1 represents Information Technology.
https://tuyensinh.uet.vnu.edu.vn/tin-tuyen-sinh/thong-bao-diem-trung-tuyen-vao-truong-dai-hoc-cong-nghe-dhqghn-nam-2024-theo-phuong-thuc-thpt/,What major does the admission code CN2 represent at UET?,CN2 represents Computer Engineering.
https://tuyensinh.uet.vnu.edu.vn/tin-tuyen-sinh/thong-bao-diem-trung-tuyen-vao-truong-dai-hoc-cong-nghe-dhqghn-nam-2024-theo-phuong-thuc-thpt/,What major does the admission code CN3 represent at UET?,CN3 represents Engineering Physics.
https://tuyensinh.uet.vnu.edu.vn/tin-tuyen-sinh/thong-bao-diem-trung-tuyen-vao-truong-dai-hoc-cong-nghe-dhqghn-nam-2024-theo-phuong-thuc-thpt/,What major does the admission code CN4 represent at UET?,CN4 represents Mechanical Engineering.
https://tuyensinh.uet.vnu.edu.vn/tin-tuyen-sinh/thong-bao-diem-trung-tuyen-vao-truong-dai-hoc-cong-nghe-dhqghn-nam-2024-theo-phuong-thuc-thpt/,What major does the admission code CN5 represent at UET?,CN5 represents Construction Engineering Technology.
https://tuyensinh.uet.vnu.edu.vn/tin-tuyen-sinh/thong-bao-diem-trung-tuyen-vao-truong-dai-hoc-cong-nghe-dhqghn-nam-2024-theo-phuong-thuc-thpt/,What major does the admission code CN6 represent at UET?,CN6 represents Mechatronics Engineering Technology.
https://tuyensinh.uet.vnu.edu.vn/tin-tuyen-sinh/thong-bao-diem-trung-tuyen-vao-truong-dai-hoc-cong-nghe-dhqghn-nam-2024-theo-phuong-thuc-thpt/,What major does the admission code CN7 represent at UET?,CN7 represents Aerospace Engineering.
https://tuyensinh.uet.vnu.edu.vn/tin-tuyen-sinh/thong-bao-diem-trung-tuyen-vao-truong-dai-hoc-cong-nghe-dhqghn-nam-2024-theo-phuong-thuc-thpt/,What major does the admission code CN8 represent at UET?,CN8 represents Computer Science.
https://tuyensinh.uet.vnu.edu.vn/tin-tuyen-sinh/thong-bao-diem-trung-tuyen-vao-truong-dai-hoc-cong-nghe-dhqghn-nam-2024-theo-phuong-thuc-thpt/,What major does the admission code CN9 represent at UET?,CN9 represents Electronics and Telecommunications Engineering Technology.
https://tuyensinh.uet.vnu.edu.vn/tin-tuyen-sinh/thong-bao-diem-trung-tuyen-vao-truong-dai-hoc-cong-nghe-dhqghn-nam-2024-theo-phuong-thuc-thpt/,What major does the admission code CN10 represent at UET?,CN10 represents Agricultural Technology.
https://tuyensinh.uet.vnu.edu.vn/tin-tuyen-sinh/thong-bao-diem-trung-tuyen-vao-truong-dai-hoc-cong-nghe-dhqghn-nam-2024-theo-phuong-thuc-thpt/,What major does the admission code CN11 represent at UET?,CN11 represents Control and Automation Engineering.
https://tuyensinh.uet.vnu.edu.vn/tin-tuyen-sinh/thong-bao-diem-trung-tuyen-vao-truong-dai-hoc-cong-nghe-dhqghn-nam-2024-theo-phuong-thuc-thpt/,What major does the admission code CN12 represent at UET?,CN12 represents Artificial Intelligence.
https://tuyensinh.uet.vnu.edu.vn/tin-tuyen-sinh/thong-bao-diem-trung-tuyen-vao-truong-dai-hoc-cong-nghe-dhqghn-nam-2024-theo-phuong-thuc-thpt/,What major does the admission code CN13 represent at UET?,CN13 represents Energy Engineering.
https://tuyensinh.uet.vnu.edu.vn/tin-tuyen-sinh/thong-bao-diem-trung-tuyen-vao-truong-dai-hoc-cong-nghe-dhqghn-nam-2024-theo-phuong-thuc-thpt/,What major does the admission code CN14 represent at UET?,CN14 represents Information Systems.
https://tuyensinh.uet.vnu.edu.vn/tin-tuyen-sinh/thong-bao-diem-trung-tuyen-vao-truong-dai-hoc-cong-nghe-dhqghn-nam-2024-theo-phuong-thuc-thpt/,What major does the admission code CN15 represent at UET?,CN15 represents Computer Networks and Data Communications.
https://tuyensinh.uet.vnu.edu.vn/tin-tuyen-sinh/thong-bao-diem-trung-tuyen-vao-truong-dai-hoc-cong-nghe-dhqghn-nam-2024-theo-phuong-thuc-thpt/,What major does the admission code CN17 represent at UET?,CN17 represents Robotics Engineering.
https://tuyensinh.uet.vnu.edu.vn/tin-tuyen-sinh/thong-bao-diem-trung-tuyen-vao-truong-dai-hoc-cong-nghe-dhqghn-nam-2024-theo-phuong-thuc-thpt/,What major does the admission code CN18 represent at UET?,CN18 represents Industrial Design and Graphics.
https://ulis.vnu.edu.vn/tbtsdh2025/,What was the admission quota for English Language at ULIS in 2025?,795 quotas
https://ulis.vnu.edu.vn/tbtsdh2025/,What was the admission quota for Russian Language at ULIS in 2025?,70 quotas
https://ulis.vnu.edu.vn/tbtsdh2025/,What was the admission quota for French Language at ULIS in 2025?,150 quotas
https://ulis.vnu.edu.vn/tbtsdh2025/,What was the admission quota for Chinese Language at ULIS in 2025?,300 quotas
https://ulis.vnu.edu.vn/tbtsdh2025/,What was the admission quota for German Language at ULIS in 2025?,120 quotas
https://ulis.vnu.edu.vn/tbtsdh2025/,What was the admission quota for Japanese Language at ULIS in 2025?,300 quotas
https://ulis.vnu.edu.vn/tbtsdh2025/,What was the admission quota for Korean Language at ULIS in 2025?,280 quotas
https://ulis.vnu.edu.vn/tbtsdh2025/,What was the admission quota for Arabic Language at ULIS in 2025?,60 quotas
https://ulis.vnu.edu.vn/tbtsdh2025/,What was the admission quota for Transnational Culture and Communication at ULIS in 2025?,50 quotas
https://ulis.vnu.edu.vn/tbtsdh2025/,What was the admission quota for Vietnamese Language and Vietnamese Culture at ULIS in 2025?,50 quotas
https://ulis.vnu.edu.vn/tbtsdh2025/,Which ULIS major had the largest admission quota in 2025?,English Language had the largest admission quota with 795 quotas.
https://ulis.vnu.edu.vn/tbtsdh2025/,Which ULIS major had an admission quota of 300 in 2025?,Chinese Language and Japanese Language each had 300 quotas.
https://ulis.vnu.edu.vn/tbtsdh2025/,Which ULIS major had the smallest admission quota in 2025?,Transnational Culture and Communication and Vietnamese Language and Vietnamese Culture had the smallest quotas with 50 quotas each.
https://ulis.vnu.edu.vn/tbtsdh2025/,Which admission combination is used for English Language at ULIS?,D01
https://ulis.vnu.edu.vn/tbtsdh2025/,Which admission combination is used for Russian Language at ULIS?,D02
https://ulis.vnu.edu.vn/tbtsdh2025/,Which admission combination is used for French Language at ULIS?,D03
https://ulis.vnu.edu.vn/tbtsdh2025/,Which admission combination is used for Chinese Language at ULIS?,D04
https://ulis.vnu.edu.vn/tbtsdh2025/,Which admission combination is used for German Language at ULIS?,D05
https://ulis.vnu.edu.vn/tbtsdh2025/,Which admission combination is used for Japanese Language at ULIS?,D06
https://ulis.vnu.edu.vn/tbtsdh2025/,Which admission combination is used for Korean Language at ULIS?,DD2
https://ulis.vnu.edu.vn/tbtsdh2025/,Which admission combination is commonly used for Arabic Language at ULIS?,D01
https://ulis.vnu.edu.vn/tbtsdh2025/,What does the school code QHF represent?,QHF is the school code for ULIS.
https://ulis.vnu.edu.vn/tbtsdh2025/,What admission method code corresponds to high school graduation exam results at ULIS?,100
https://ulis.vnu.edu.vn/tbtsdh2025/,What admission method code corresponds to VNU competency assessment admission at ULIS?,401
https://ulis.vnu.edu.vn/tbtsdh2025/,What admission method code corresponds to combined admission using international certificates at ULIS?,409
https://ulis.vnu.edu.vn/tbtsdh2025/,How many undergraduate majors did ULIS announce for admission in 2025?,ULIS announced 14 undergraduate majors for admission in 2025.
https://ulis.vnu.edu.vn/kqtsdh24/,What was the admission score for English Language at ULIS in 2024?,36.99 points
https://ulis.vnu.edu.vn/kqtsdh24/,What was the admission score for Russian Language at ULIS in 2024?,34.24 points
https://ulis.vnu.edu.vn/kqtsdh24/,What was the admission score for French Language at ULIS in 2024?,34.53 points
https://ulis.vnu.edu.vn/kqtsdh24/,What was the admission score for Chinese Language at ULIS in 2024?,37.00 points
https://ulis.vnu.edu.vn/kqtsdh24/,What was the admission score for German Language at ULIS in 2024?,35.82 points
https://ulis.vnu.edu.vn/kqtsdh24/,What was the admission score for Japanese Language at ULIS in 2024?,35.40 points
https://ulis.vnu.edu.vn/kqtsdh24/,What was the admission score for Korean Language at ULIS in 2024?,36.38 points
https://ulis.vnu.edu.vn/kqtsdh24/,What was the admission score for Arabic Language at ULIS in 2024?,33.42 points
https://ulis.vnu.edu.vn/tham-khao-diem-chuan-tuyen-sinh-dai-hoc-vao-truong-dai-hoc-ngoai-ngu-qua-cac-nam/,What was the admission score for English Language at ULIS in 2023?,35.55 points
https://ulis.vnu.edu.vn/tham-khao-diem-chuan-tuyen-sinh-dai-hoc-vao-truong-dai-hoc-ngoai-ngu-qua-cac-nam/,What was the admission score for Russian Language at ULIS in 2023?,33.30 points
https://ulis.vnu.edu.vn/tham-khao-diem-chuan-tuyen-sinh-dai-hoc-vao-truong-dai-hoc-ngoai-ngu-qua-cac-nam/,What was the admission score for French Language at ULIS in 2023?,34.12 points
https://ulis.vnu.edu.vn/tham-khao-diem-chuan-tuyen-sinh-dai-hoc-vao-truong-dai-hoc-ngoai-ngu-qua-cac-nam/,What was the admission score for Chinese Language at ULIS in 2023?,35.55 points
https://ulis.vnu.edu.vn/tham-khao-diem-chuan-tuyen-sinh-dai-hoc-vao-truong-dai-hoc-ngoai-ngu-qua-cac-nam/,What was the admission score for German Language at ULIS in 2023?,34.35 points
https://ulis.vnu.edu.vn/tham-khao-diem-chuan-tuyen-sinh-dai-hoc-vao-truong-dai-hoc-ngoai-ngu-qua-cac-nam/,What was the admission score for Japanese Language at ULIS in 2023?,34.65 points
https://ulis.vnu.edu.vn/tham-khao-diem-chuan-tuyen-sinh-dai-hoc-vao-truong-dai-hoc-ngoai-ngu-qua-cac-nam/,What was the admission score for Korean Language at ULIS in 2023?,35.40 points
https://ulis.vnu.edu.vn/tham-khao-diem-chuan-tuyen-sinh-dai-hoc-vao-truong-dai-hoc-ngoai-ngu-qua-cac-nam/,What was the admission score for Arabic Language at ULIS in 2023?,33.04 points
https://huongnghiep.hocmai.vn/diem-truong/dai-hoc-khoa-hoc-xa-hoi-va-nhan-van-dai-hoc-quoc-gia-ha-noi,What was the 2024 C00 admission score for Journalism at USSH?,29.03 points
https://huongnghiep.hocmai.vn/diem-truong/dai-hoc-khoa-hoc-xa-hoi-va-nhan-van-dai-hoc-quoc-gia-ha-noi,What was the 2024 D01 admission score for Journalism at USSH?,26.07 points
https://huongnghiep.hocmai.vn/diem-truong/dai-hoc-khoa-hoc-xa-hoi-va-nhan-van-dai-hoc-quoc-gia-ha-noi,What was the 2024 C00 admission score for Public Relations at USSH?,29.10 points
https://huongnghiep.hocmai.vn/diem-truong/dai-hoc-khoa-hoc-xa-hoi-va-nhan-van-dai-hoc-quoc-gia-ha-noi,What was the 2024 D01 admission score for Public Relations at USSH?,26.45 points
https://huongnghiep.hocmai.vn/diem-truong/dai-hoc-khoa-hoc-xa-hoi-va-nhan-van-dai-hoc-quoc-gia-ha-noi,What was the 2024 C00 admission score for Psychology at USSH?,28.60 points
https://huongnghiep.hocmai.vn/diem-truong/dai-hoc-khoa-hoc-xa-hoi-va-nhan-van-dai-hoc-quoc-gia-ha-noi,What was the 2024 D01 admission score for Psychology at USSH?,26.18 points
https://huongnghiep.hocmai.vn/diem-truong/dai-hoc-khoa-hoc-xa-hoi-va-nhan-van-dai-hoc-quoc-gia-ha-noi,What was the 2024 C00 admission score for Korean Studies at USSH?,29.05 points
https://huongnghiep.hocmai.vn/diem-truong/dai-hoc-khoa-hoc-xa-hoi-va-nhan-van-dai-hoc-quoc-gia-ha-noi,What was the 2024 D01 admission score for Korean Studies at USSH?,26.30 points
https://huongnghiep.hocmai.vn/diem-truong/dai-hoc-khoa-hoc-xa-hoi-va-nhan-van-dai-hoc-quoc-gia-ha-noi,What was the 2024 C00 admission score for International Studies at USSH?,28.55 points
https://huongnghiep.hocmai.vn/diem-truong/dai-hoc-khoa-hoc-xa-hoi-va-nhan-van-dai-hoc-quoc-gia-ha-noi,What was the 2024 D01 admission score for International Studies at USSH?,25.33 points
https://huongnghiep.hocmai.vn/diem-truong/dai-hoc-khoa-hoc-xa-hoi-va-nhan-van-dai-hoc-quoc-gia-ha-noi,What was the 2024 C00 admission score for Tourism and Travel Service Management at USSH?,28.58 points
https://huongnghiep.hocmai.vn/diem-truong/dai-hoc-khoa-hoc-xa-hoi-va-nhan-van-dai-hoc-quoc-gia-ha-noi,What was the 2024 D01 admission score for Tourism and Travel Service Management at USSH?,25.99 points
https://huongnghiep.hocmai.vn/diem-truong/dai-hoc-khoa-hoc-xa-hoi-va-nhan-van-dai-hoc-quoc-gia-ha-noi,What was the 2024 C00 admission score for Sociology at USSH?,28.25 points
https://huongnghiep.hocmai.vn/diem-truong/dai-hoc-khoa-hoc-xa-hoi-va-nhan-van-dai-hoc-quoc-gia-ha-noi,What was the 2024 D01 admission score for Sociology at USSH?,25.65 points
https://xaydungchinhsach.chinhphu.vn/diem-chuan-truong-dai-hoc-khoa-hoc-xa-hoi-va-nhan-van-dhqg-hn-119230822161911427.htm,What was the 2023 C00 admission score for Journalism at USSH?,28.50 points
https://xaydungchinhsach.chinhphu.vn/diem-chuan-truong-dai-hoc-khoa-hoc-xa-hoi-va-nhan-van-dhqg-hn-119230822161911427.htm,What was the 2023 D01 admission score for Journalism at USSH?,26.00 points
https://xaydungchinhsach.chinhphu.vn/diem-chuan-truong-dai-hoc-khoa-hoc-xa-hoi-va-nhan-van-dhqg-hn-119230822161911427.htm,What was the 2023 C00 admission score for Public Relations at USSH?,28.78 points
https://xaydungchinhsach.chinhphu.vn/diem-chuan-truong-dai-hoc-khoa-hoc-xa-hoi-va-nhan-van-dhqg-hn-119230822161911427.htm,What was the 2023 D01 admission score for Public Relations at USSH?,26.75 points
https://xaydungchinhsach.chinhphu.vn/diem-chuan-truong-dai-hoc-khoa-hoc-xa-hoi-va-nhan-van-dhqg-hn-119230822161911427.htm,What was the 2023 C00 admission score for Psychology at USSH?,28.00 points
https://xaydungchinhsach.chinhphu.vn/diem-chuan-truong-dai-hoc-khoa-hoc-xa-hoi-va-nhan-van-dhqg-hn-119230822161911427.htm,What was the 2023 D01 admission score for Psychology at USSH?,27.00 points
https://diemthi.tuyensinh247.com/diem-chuan/dai-hoc-khoa-hoc-xa-hoi-va-nhan-van-dhqghn-QHX.html,What was the 2025 C00 admission score for Journalism at USSH?,28.2 points
https://diemthi.tuyensinh247.com/diem-chuan/dai-hoc-khoa-hoc-xa-hoi-va-nhan-van-dhqghn-QHX.html,What was the 2025 C00 admission score for Public Relations at USSH?,28.95 points
https://diemthi.tuyensinh247.com/diem-chuan/dai-hoc-khoa-hoc-xa-hoi-va-nhan-van-dhqghn-QHX.html,What was the 2025 C00 admission score for Psychology at USSH?,29.0 points
https://diemthi.tuyensinh247.com/diem-chuan/dai-hoc-khoa-hoc-xa-hoi-va-nhan-van-dhqghn-QHX.html,What was the 2025 C00 admission score for Korean Studies at USSH?,28.78 points
https://diemthi.tuyensinh247.com/diem-chuan/dai-hoc-khoa-hoc-xa-hoi-va-nhan-van-dhqghn-QHX.html,What was the 2025 C00 admission score for International Studies at USSH?,28.05 points
https://diemthi.tuyensinh247.com/diem-chuan/dai-hoc-khoa-hoc-xa-hoi-va-nhan-van-dhqghn-QHX.html,What was the 2025 C00 admission score for Tourism and Travel Service Management at USSH?,28.0 points
https://diemthi.tuyensinh247.com/diem-chuan/dai-hoc-khoa-hoc-xa-hoi-va-nhan-van-dhqghn-QHX.html,What was the 2025 C00 admission score for Sociology at USSH?,27.15 points
https://diemthi.tuyensinh247.com/diem-chuan/dai-hoc-khoa-hoc-xa-hoi-va-nhan-van-dhqghn-QHX.html,What was the 2025 C00 admission score for Oriental Studies at USSH?,28.58 points
https://diemthi.tuyensinh247.com/diem-chuan/dai-hoc-khoa-hoc-xa-hoi-va-nhan-van-dhqghn-QHX.html,What was the 2025 C00 admission score for Vietnamese Studies at USSH?,27.3 points
https://diemthi.tuyensinh247.com/diem-chuan/dai-hoc-khoa-hoc-xa-hoi-va-nhan-van-dhqghn-QHX.html,What was the 2025 C00 admission score for History at USSH?,27.5 points
https://diemthi.tuyensinh247.com/diem-chuan/dai-hoc-khoa-hoc-xa-hoi-va-nhan-van-dhqghn-QHX.html,What was the 2025 C00 admission score for Literature at USSH?,28.75 points
https://diemthi.tuyensinh247.com/diem-chuan/dai-hoc-khoa-hoc-xa-hoi-va-nhan-van-dhqghn-QHX.html,What was the 2025 C00 admission score for Philosophy at USSH?,26.5 points
https://diemthi.tuyensinh247.com/diem-chuan/dai-hoc-khoa-hoc-xa-hoi-va-nhan-van-dhqghn-QHX.html,What was the 2025 C00 admission score for Anthropology at USSH?,26.85 points
https://diemthi.tuyensinh247.com/diem-chuan/dai-hoc-khoa-hoc-xa-hoi-va-nhan-van-dhqghn-QHX.html,What was the 2025 C00 admission score for Information Management at USSH?,27.65 points
https://diemthi.tuyensinh247.com/diem-chuan/dai-hoc-khoa-hoc-xa-hoi-va-nhan-van-dhqghn-QHX.html,What was the 2025 C00 admission score for Social Work at USSH?,27.0 points
https://diemthi.tuyensinh247.com/diem-chuan/dai-hoc-khoa-hoc-xa-hoi-va-nhan-van-dhqghn-QHX.html,What was the 2025 C00 admission score for Archival Studies at USSH?,26.4 points
https://diemthi.tuyensinh247.com/diem-chuan/dai-hoc-khoa-hoc-xa-hoi-va-nhan-van-dhqghn-QHX.html,Which USSH major had the highest 2025 C00 admission score?,Psychology had the highest 2025 C00 admission score with 29.0 points.
https://diemthi.tuyensinh247.com/diem-chuan/dai-hoc-khoa-hoc-xa-hoi-va-nhan-van-dhqghn-QHX.html,Which USSH major had a 2025 C00 admission score of 28.95 points?,Public Relations had a 2025 C00 admission score of 28.95 points.
https://diemthi.tuyensinh247.com/diem-chuan/dai-hoc-khoa-hoc-xa-hoi-va-nhan-van-dhqghn-QHX.html,Did Psychology or Journalism have a higher 2025 C00 admission score at USSH?,Psychology had a higher score with 29.0 points compared to Journalism with 28.2 points.
https://diemthi.tuyensinh247.com/diem-chuan/dai-hoc-khoa-hoc-xa-hoi-va-nhan-van-dhqghn-QHX.html,What was the difference between the 2025 C00 admission scores for Public Relations and Journalism at USSH?,The difference was 0.75 points.
